Column_0,Column_1,Column_2,Column_3,Column_4,Column_5,Column_6,Column_7,Column_8,Column_9,Column_10,Column_11,Column_12,Column_13,Column_14,Column_15,Column_16,Column_17,Column_18,Column_19,Column_20,Column_21,Column_22,Column_23,Column_24,Column_25,Column_26,Column_27,Column_28,Column_29,Column_30,Column_31,Column_32,Column_33,Column_34,Column_35,Column_36,Column_37,Column_38,Column_39,Column_40,Column_41,Column_42,Column_43,Column_44,Column_45,Column_46,Column_47,Column_48,Column_49,Column_50,Column_51,Column_52,Column_53,Column_54,Column_55,Column_56,Column_57,Column_58,Column_59,Column_60,Column_61,Column_62,Column_63
-0.0011148354,-0.059959117,-0.0028536692,-0.059953913,-0.011720366,-0.055009734,-0.018069224,-0.044511005,-0.018140038,-0.034095608,-0.014709361,-0.029824482,-0.012091215,-0.03516921,-0.016605059,-0.046130117,-0.026285052,-0.053970914,-0.037067518,-0.052696064,-0.041979566,-0.0436667,-0.03827481,-0.033628132,-0.029882498,-0.02732121,-0.020893889,-0.02441688,-0.018582026,-0.025429001,-0.022956982,-0.02794601,-0.034211326,-0.03117843,-0.045320764,-0.034308825,-0.052205194,-0.035306256,-0.05236593,-0.032891866,-0.049002904,-0.03313214,-0.04480963,-0.038105007,-0.040657897,-0.041134667,-0.036200985,-0.03708408,-0.03223065,-0.036652748,-0.029885644,-0.03902765,-0.03128596,-0.04411334,-0.041104063,-0.045642737,-0.052102897,-0.045200616,-0.058996912,-0.044648647,-0.061760455,-0.048690695,-0.061157387,-0.05123146
0.008006883,-0.0124892965,0.01557402,-0.017528068,0.021480003,-0.020946875,0.01864537,-0.017304854,0.01507322,-0.007771805,0.010320147,0.0018968644,0.005108597,0.010807112,-0.0015978217,0.012730037,-0.0037478805,0.01021403,-0.0031142558,0.0062579303,-0.0035900276,0.0020668518,-0.008704637,0.0041455044,-0.012206472,0.0039662016,-0.010947813,0.001372043,-0.0068841577,-0.0039859177,-0.0035345703,-0.007064832,-0.0040604025,-0.0058889426,-0.00582582,-0.0029851228,-0.005283527,0.0013498254,0.00031391656,0.0009985653,0.007273895,-0.002977771,0.009708759,-0.011670627,0.0061979913,-0.017047534,-0.0017587492,-0.013390593,-0.008266673,-0.009001447,-0.0090359105,-0.009210098,-0.0016905665,-0.011882115,0.008917133,-0.020988204,0.017658874,-0.024525722,0.015516008,-0.025709674,0.0068654693,-0.019820092,0.0020739362,-0.0088785915
0.0024182547,-0.06727011,-0.00056934607,-0.06640032,-0.0094513595,-0.061568946,-0.0151243,-0.05036184,-0.014419004,-0.03864911,-0.011501257,-0.034805205,-0.008072049,-0.039190877,-0.011991163,-0.049809933,-0.02309305,-0.057263184,-0.03406926,-0.055627853,-0.038527593,-0.04673253,-0.034754008,-0.03783064,-0.026178068,-0.030053044,-0.017895935,-0.026004022,-0.013453434,-0.025247885,-0.017866338,-0.02840773,-0.029800007,-0.032299668,-0.041997124,-0.036202494,-0.04850525,-0.037114855,-0.0498379,-0.03669667,-0.046212453,-0.03788622,-0.04071505,-0.04168508,-0.035382994,-0.044136804,-0.031034624,-0.042730626,-0.02611919,-0.040524263,-0.023176117,-0.04348066,-0.026553385,-0.04743154,-0.038484734,-0.047799602,-0.052619148,-0.04614596,-0.06046855,-0.047467362,-0.06337061,-0.051964458,-0.06238924,-0.05654992
0.017083779,-0.009225699,0.024183223,-0.016643113,0.029366368,-0.020674849,0.02697908,-0.015890723,0.021199113,-0.0074341632,0.017738538,0.0027729224,0.012940846,0.011640388,0.007620389,0.013924937,0.0046489364,0.009849838,0.007092677,0.0061133145,0.005391141,0.0035746892,0.00014808525,0.0067650587,-0.0043840683,0.009351308,-0.004808612,0.0073123784,0.0011826059,0.0019768358,0.0060367957,-0.0022480544,0.005745428,-0.0023357372,0.0037724327,0.00014430906,0.004730206,0.004521806,0.008868411,0.0057226815,0.017050155,0.00061358634,0.018660635,-0.009405084,0.015679823,-0.016128661,0.007990795,-0.011125036,0.0005602601,-0.0066245645,0.0005814905,-0.004418696,0.006617012,-0.0098893,0.016264817,-0.01658441,0.02527458,-0.021825442,0.022332827,-0.022074083,0.012248814,-0.018751204,0.007719437,-0.005313989
0.004104549,-0.07051152,0.00043977425,-0.06888295,-0.0075187944,-0.06149782,-0.012621646,-0.04918806,-0.012418106,-0.038664315,-0.007975011,-0.03431406,-0.0052953158,-0.040152434,-0.0085638575,-0.049645085,-0.017701088,-0.05407008,-0.0302608,-0.052965373,-0.03501495,-0.043807354,-0.0308911,-0.035312753,-0.022913307,-0.029439539,-0.014132455,-0.02648586,-0.011086515,-0.025224954,-0.013834297,-0.027687028,-0.026163595,-0.032126877,-0.037635636,-0.035404976,-0.043582175,-0.03639859,-0.041697234,-0.035674293,-0.03866864,-0.037462678,-0.034245845,-0.041240904,-0.028038582,-0.04396665,-0.024524689,-0.043395877,-0.019614305,-0.04246181,-0.01743332,-0.045136128,-0.022700587,-0.04883368,-0.037644107,-0.04626152,-0.053460076,-0.04457651,-0.062599495,-0.04639693,-0.06280171,-0.0531358,-0.060712438,-0.0575916
0.025295489,-0.013885741,0.03145459,-0.020300353,0.034931485,-0.024771938,0.029898578,-0.02151098,0.024608403,-0.010885867,0.02115989,-0.0013450632,0.017882766,0.0063059703,0.012255597,0.008295339,0.0120073585,0.0062411116,0.015097794,0.0024204578,0.013673563,0.0003176319,0.008616391,0.002479054,0.0023062527,0.0056435834,0.0024062593,0.0071237646,0.008747451,0.0018080802,0.014998776,-0.0021506038,0.0149793,-0.0045032003,0.012820003,-0.0016824765,0.013728629,0.0026577797,0.019472668,0.004284548,0.025138872,-0.0022774476,0.027912036,-0.011633731,0.02456657,-0.018302685,0.016453216,-0.015089669,0.009311306,-0.009526764,0.0075428314,-0.0078116446,0.0130344285,-0.011235678,0.021827884,-0.016319526,0.029800506,-0.022861496,0.027554655,-0.023324883,0.018434647,-0.017222209,0.013289477,-0.006028708
0.004698256,-0.069090866,8.367499e-05,-0.06547367,-0.0066502974,-0.05611682,-0.011194936,-0.043602675,-0.010934442,-0.03446919,-0.006451223,-0.03212778,-0.0035941899,-0.036970466,-0.0054257982,-0.045248926,-0.016012209,-0.05009673,-0.026726386,-0.046495926,-0.032002855,-0.03780166,-0.027528578,-0.030327817,-0.019874448,-0.0272905,-0.0128407115,-0.026587613,-0.006923038,-0.025004566,-0.011298905,-0.027846262,-0.021740966,-0.030801756,-0.03130642,-0.033319637,-0.034467403,-0.03256677,-0.03449796,-0.032441694,-0.030618206,-0.03391457,-0.025870835,-0.038124125,-0.021069467,-0.041614473,-0.0177996,-0.040582504,-0.014815091,-0.040767528,-0.013742887,-0.04449765,-0.019421792,-0.047453955,-0.03514682,-0.04477091,-0.04912277,-0.041283082,-0.058505107,-0.043718603,-0.059538916,-0.05151396,-0.053783,-0.05730917
0.025162714,-0.021487491,0.030696532,-0.029318882,0.031630863,-0.032353967,0.027238412,-0.02830319,0.02141404,-0.017844373,0.01726842,-0.0098516205,0.014375973,-0.0043030553,0.009600413,-0.0018360341,0.009408943,-0.0029002104,0.013072132,-0.0039716833,0.013713896,-0.0073703215,0.009464659,-0.0032214553,0.0040881983,0.002194899,0.0045888945,0.00029625246,0.011451443,-0.00329451,0.017869303,-0.0056734397,0.019160213,-0.0047619506,0.016300188,-0.0050441734,0.016336517,-0.0025161344,0.021129362,-0.0019240193,0.026234083,-0.008928657,0.029968848,-0.017941572,0.026390696,-0.024970869,0.019011185,-0.021579174,0.011275683,-0.014566331,0.009012566,-0.013376114,0.012762253,-0.015645994,0.020785885,-0.022999687,0.02914075,-0.026497545,0.026763096,-0.028095469,0.020252509,-0.020071652,0.014605507,-0.009697487
0.006153172,-0.06896677,0.003918707,-0.06498962,-0.0018221872,-0.053589195,-0.0075573176,-0.041446757,-0.006504799,-0.033186767,-0.0020608744,-0.031029342,0.00079281133,-0.037223574,-0.002268656,-0.046656143,-0.013872684,-0.05060342,-0.023840034,-0.046095002,-0.026948854,-0.036252793,-0.02323024,-0.029809253,-0.016058745,-0.028454043,-0.007162705,-0.028115226,-0.0020275097,-0.029455237,-0.0035695229,-0.030944414,-0.0131168505,-0.032818966,-0.023120312,-0.032599386,-0.02788715,-0.0322426,-0.027145492,-0.031059071,-0.022226924,-0.03330774,-0.016987456,-0.037765253,-0.012712936,-0.040579714,-0.011774336,-0.040174708,-0.00944199,-0.04069977,-0.008299085,-0.04507312,-0.013734053,-0.049222827,-0.028642341,-0.04787614,-0.041733366,-0.043364655,-0.048881143,-0.043713633,-0.049463753,-0.05038282,-0.046375882,-0.058875125
0.020594114,-0.025224045,0.02187545,-0.031152323,0.023378538,-0.035377633,0.019655878,-0.030895174,0.013297244,-0.02234581,0.010424073,-0.013741403,0.006213506,-0.009229273,0.001116246,-0.0071210996,0.0006267329,-0.008875708,0.0046742163,-0.01001696,0.005973878,-0.010671069,0.003722408,-0.008164279,-0.00022904824,-0.0067792316,0.0020614963,-0.0044311252,0.008527544,-0.008484058,0.0134819085,-0.011615452,0.014583495,-0.011375454,0.012997452,-0.008177876,0.011649877,-0.00811353,0.014444433,-0.009133344,0.020281877,-0.014533057,0.023558343,-0.02377954,0.021034844,-0.030895585,0.0136009855,-0.02964577,0.0060383542,-0.0218132,0.00260345,-0.019724809,0.006210024,-0.023901625,0.015150537,-0.028460609,0.022934629,-0.033084508,0.023729632,-0.032774005,0.016742159,-0.025693893,0.011260594,-0.016118443
0.010617237,-0.071346864,0.009587315,-0.06742368,0.0038336155,-0.05638638,-0.0022617958,-0.045686156,-0.0022010214,-0.03666408,1.6779328e-05,-0.036867697,0.0020297263,-0.04430187,0.0020244785,-0.05270381,-0.0062023588,-0.056024235,-0.016309746,-0.051725775,-0.02066871,-0.042367984,-0.016314883,-0.03534418,-0.008726087,-0.03329333,-0.0009411834,-0.03625672,0.0057328586,-0.03698894,0.0047921333,-0.037851885,-0.0043370663,-0.0370947,-0.014064357,-0.034935948,-0.02133789,-0.033421524,-0.021305306,-0.032943517,-0.016444212,-0.03627418,-0.009581204,-0.041359697,-0.006033577,-0.043527026,-0.0047779866,-0.04269484,-0.003106542,-0.04273522,-0.0037209913,-0.049257603,-0.007856513,-0.05392642,-0.019316949,-0.05410986,-0.032766834,-0.05024739,-0.039759245,-0.050161425,-0.039880235,-0.05480261,-0.037150294,-0.060862232
0.011974561,-0.024795642,0.01347362,-0.032020107,0.012977409,-0.035923235,0.009560131,-0.03224208,0.0059701107,-0.02527898,0.0028861265,-0.017795289,-0.0015334612,-0.012729961,-0.007613038,-0.010715577,-0.007743222,-0.011565094,-0.0029247962,-0.011496696,-0.0008523464,-0.014461256,-0.0020334187,-0.0139480075,-0.005708737,-0.012304182,-0.00304538,-0.0093428055,0.0027301807,-0.012764327,0.0075187855,-0.015688727,0.008235169,-0.015397157,0.0060335086,-0.013620081,0.0061017275,-0.0121299885,0.008938269,-0.012213753,0.013730702,-0.017083356,0.017138638,-0.02675706,0.014576335,-0.035116557,0.0070668794,-0.032950927,-0.00046633495,-0.02741445,-0.0031268864,-0.02415094,-0.002077562,-0.028444111,0.00823879,-0.030758021,0.016422508,-0.035906874,0.01835747,-0.036186084,0.012151163,-0.030679919,0.009050232,-0.021029254
0.015499902,-0.07110885,0.015370562,-0.066739015,0.010997797,-0.05796817,0.004105181,-0.046252552,0.0005012471,-0.040088598,1.3398628e-05,-0.04193898,0.0022356876,-0.04930571,0.00209531,-0.05793274,-0.0035775106,-0.06146982,-0.011364537,-0.055698138,-0.01450453,-0.046885904,-0.012111377,-0.041002564,-0.0046879626,-0.039710514,0.0044393395,-0.039562862,0.011482072,-0.04042798,0.011065486,-0.03959411,0.0023761403,-0.037624035,-0.009186972,-0.035222873,-0.01855188,-0.033456806,-0.02032391,-0.03311375,-0.015423629,-0.035421804,-0.007879688,-0.040739037,-0.001159879,-0.042454783,-0.0005482162,-0.04198947,0.0010171533,-0.041834444,0.0002878482,-0.049031693,-0.0037242186,-0.053764183,-0.014098927,-0.055377048,-0.025815869,-0.051711723,-0.03335696,-0.051275168,-0.034864414,-0.055741068,-0.032465238,-0.061107855
0.008985656,-0.021260774,0.008671041,-0.028239561,0.00783705,-0.03263322,0.005487114,-0.032671586,0.0025543533,-0.027082004,0.0011519218,-0.018465333,-0.0020622164,-0.01338547,-0.007966876,-0.012734908,-0.009373944,-0.013180439,-0.006782348,-0.015945932,-0.0057311407,-0.018577443,-0.006278454,-0.019618182,-0.008227271,-0.016246816,-0.006366203,-0.015154745,-0.00020555656,-0.016152935,0.0031616464,-0.020764912,0.0031958632,-0.020625982,0.0012151208,-0.020363903,0.0021020463,-0.017695034,0.0059994296,-0.017891848,0.010406301,-0.021213403,0.013939046,-0.031099597,0.012376507,-0.03690457,0.005759698,-0.03409264,-0.0024315026,-0.027725317,-0.0069099367,-0.025341174,-0.004874799,-0.025729889,0.0025640056,-0.030236753,0.013291494,-0.03613685,0.016505072,-0.039029155,0.011538431,-0.034686428,0.009740903,-0.024899656
0.015565246,-0.0618152,0.018668102,-0.059845924,0.012937437,-0.050593596,0.0058684014,-0.039913666,0.0002742155,-0.034748897,-0.0020407059,-0.03701826,-0.0011068458,-0.045380708,0.00040119453,-0.053595785,-0.005482264,-0.057577748,-0.010869496,-0.05275775,-0.012599646,-0.044212412,-0.009930125,-0.036203742,-0.004339689,-0.035840143,0.0029004551,-0.034826066,0.013332118,-0.035384744,0.014109656,-0.033327997,0.006762227,-0.030042589,-0.007894036,-0.026763327,-0.020124314,-0.02495435,-0.02426807,-0.02511677,-0.018675534,-0.027403563,-0.009475435,-0.03235746,-0.0022191082,-0.034692172,0.0019381046,-0.033810142,0.0022552547,-0.034466647,0.0012468348,-0.040626753,-0.0036593378,-0.04628834,-0.016321532,-0.048817996,-0.025256068,-0.045108404,-0.032588262,-0.043684628,-0.03383005,-0.047290053,-0.03424055,-0.05366853
0.009810678,-0.0205474,0.011695395,-0.024772504,0.010248188,-0.03130432,0.007535813,-0.032630228,0.006443158,-0.027082348,0.006706825,-0.019229112,0.003185867,-0.0140797915,-0.0026360042,-0.010502077,-0.0055540516,-0.015066515,-0.0054739066,-0.019470254,-0.005475881,-0.02233312,-0.0075764083,-0.023742229,-0.0071737054,-0.02030315,-0.004279472,-0.018174278,0.0018401159,-0.019737203,0.004507611,-0.023896553,0.0041088113,-0.024448544,0.0024631808,-0.022367371,0.0041482323,-0.020958671,0.008475285,-0.01973862,0.014295637,-0.022746822,0.01812237,-0.030578429,0.016216228,-0.03657161,0.008236001,-0.034152962,0.0010307314,-0.026668252,-0.003036781,-0.021148628,-0.0022436716,-0.021304136,0.0069788336,-0.027843103,0.017075974,-0.03354771,0.020507934,-0.037774947,0.017660104,-0.034753624,0.015897078,-0.025654497
0.014801136,-0.04917109,0.01771309,-0.04547371,0.010618319,-0.039309476,0.0024223335,-0.030061582,-0.0033428986,-0.026032398,-0.0053954585,-0.02698829,-0.0036029152,-0.035074305,-0.0009210178,-0.04322028,-0.0032095034,-0.047071174,-0.008736993,-0.041935474,-0.013090417,-0.034376934,-0.011577384,-0.026971018,-0.0058433893,-0.025174484,0.003631885,-0.025380513,0.013120127,-0.02373323,0.015747491,-0.02294828,0.005292607,-0.020371422,-0.008365604,-0.015505862,-0.02241689,-0.012007286,-0.028190443,-0.011663181,-0.024403932,-0.014884573,-0.013417393,-0.020340456,-0.0032378125,-0.024139712,-0.0002146326,-0.023795208,0.0009343301,-0.024865264,-0.00064753863,-0.03061314,-0.0074555664,-0.036770236,-0.019028073,-0.036760353,-0.028858742,-0.033245634,-0.034061924,-0.031998042,-0.03533596,-0.035139434,-0.0368141,-0.0399186
0.016182866,-0.019206181,0.015984444,-0.02434674,0.016896611,-0.031451207,0.015170321,-0.032757755,0.014595352,-0.026067987,0.015602126,-0.019626876,0.01258599,-0.013868268,0.0052595944,-0.0130463205,-0.00025084367,-0.015904168,-0.0011979503,-0.020021485,-0.0027110402,-0.025067175,-0.0043318355,-0.022372482,-0.004294193,-0.019201266,0.00039578974,-0.016363723,0.005748669,-0.020026034,0.009978623,-0.023094753,0.009327632,-0.025819564,0.008862226,-0.022594625,0.010264413,-0.020945298,0.016216153,-0.018208934,0.02178055,-0.020757485,0.024764797,-0.028909734,0.022718094,-0.033727486,0.015408901,-0.031000452,0.008844409,-0.022900367,0.00664786,-0.016461669,0.008271023,-0.016384115,0.016548077,-0.021465674,0.02697953,-0.028705692,0.029930184,-0.03255773,0.026562577,-0.03055421,0.025501644,-0.020346569
0.012462188,-0.038513836,0.013166484,-0.03576759,0.0069640446,-0.029391097,-0.0021962803,-0.021003237,-0.007156339,-0.01667757,-0.008588807,-0.017131705,-0.0038135268,-0.023243241,-0.0015586801,-0.031512704,-0.004573934,-0.035392907,-0.010387192,-0.03195024,-0.014558751,-0.023248186,-0.0122073265,-0.016958168,-0.008153186,-0.015371981,0.00018726599,-0.01763126,0.010731163,-0.018958861,0.013881841,-0.017457051,0.0050292015,-0.014607678,-0.00978662,-0.008813001,-0.024569862,-0.0049524033,-0.03148155,-0.0020334397,-0.027384235,-0.004280304,-0.018563526,-0.011813861,-0.0077429167,-0.016336812,-0.0031666756,-0.0170525,-0.004575929,-0.019211765,-0.005649831,-0.024506247,-0.0125471875,-0.029263029,-0.02346771,-0.028504277,-0.034891278,-0.025019592,-0.0382023,-0.021806909,-0.03888982,-0.024532601,-0.039182793,-0.030240923
0.021018937,-0.02168815,0.02225017,-0.026714748,0.023329156,-0.03423268,0.021334141,-0.036361776,0.021742938,-0.030146718,0.022107406,-0.023805102,0.018320749,-0.017833268,0.0111787515,-0.017477881,0.004685566,-0.01829507,0.002591533,-0.020641886,0.00045026714,-0.023625344,-0.001790878,-0.021066079,-0.000994681,-0.016989911,0.004641337,-0.016493447,0.012221806,-0.019505857,0.016906073,-0.024695085,0.018104484,-0.025436016,0.016688073,-0.022141322,0.01866989,-0.02073581,0.02303034,-0.018242624,0.02946529,-0.021646352,0.032919314,-0.027405458,0.02973646,-0.03244766,0.023904277,-0.027392486,0.01760368,-0.01882783,0.015879767,-0.012891396,0.017675428,-0.014030877,0.026317077,-0.018190986,0.035774615,-0.024932891,0.03759973,-0.029625582,0.034754653,-0.024874756,0.032622125,-0.015781315
0.010069615,-0.037562523,0.008041058,-0.03642986,0.00059237704,-0.029632054,-0.008302483,-0.021410406,-0.012288928,-0.015134402,-0.010110504,-0.01471635,-0.004415913,-0.019879842,-0.0017950591,-0.026591757,-0.0070041716,-0.031009072,-0.012265774,-0.027085261,-0.016066855,-0.01891389,-0.014790852,-0.012788843,-0.0113754235,-0.012938785,-0.0029322437,-0.016652243,0.0066597243,-0.02052744,0.008290574,-0.021230511,-0.00065542944,-0.01759155,-0.015580255,-0.011226426,-0.02843486,-0.004656188,-0.0350537,-0.0015199855,-0.030058643,-0.0029342447,-0.022344923,-0.009829988,-0.015197776,-0.016200235,-0.0109292,-0.017476065,-0.009978846,-0.019297605,-0.009562652,-0.023103759,-0.016246095,-0.028267043,-0.027897788,-0.027474547,-0.038454082,-0.022733958,-0.042136934,-0.01984501,-0.04115912,-0.02179507,-0.040420476,-0.026486203
0.02550369,-0.027097506,0.028176052,-0.030321784,0.029837416,-0.038156137,0.028498942,-0.038883027,0.026719233,-0.036109317,0.025520017,-0.028639877,0.020912683,-0.021737384,0.0118909925,-0.019350769,0.007552121,-0.018961737,0.0052677966,-0.020966837,0.0027305323,-0.021186838,0.000457303,-0.02032315,0.001410647,-0.017858645,0.0075559965,-0.016300773,0.017296514,-0.020260768,0.023868969,-0.022253936,0.025010807,-0.022006432,0.02348487,-0.020154482,0.023889914,-0.020155637,0.028518483,-0.018702403,0.03523476,-0.021323487,0.03780954,-0.030368572,0.03475525,-0.034139246,0.028299278,-0.029081156,0.02321154,-0.019074256,0.020828217,-0.013897996,0.023431823,-0.014988373,0.032589864,-0.019755024,0.041687235,-0.024086466,0.043610293,-0.026508955,0.0388966,-0.02326399,0.034656618,-0.017277168
0.0074771494,-0.048837166,0.003343394,-0.048104566,-0.0057577756,-0.04117596,-0.012440185,-0.031237131,-0.015334025,-0.025575029,-0.013702231,-0.023738295,-0.008229126,-0.028453715,-0.006160084,-0.034666274,-0.011984095,-0.03765126,-0.0198566,-0.03404807,-0.022028789,-0.025551686,-0.021380886,-0.021695087,-0.01443697,-0.021529093,-0.0075300317,-0.026353115,-0.0008835842,-0.031647556,-0.0003340797,-0.033246893,-0.010270619,-0.028882897,-0.024727909,-0.021800308,-0.036672994,-0.016417662,-0.042427506,-0.013372106,-0.039038226,-0.015214738,-0.030081317,-0.019985363,-0.025074467,-0.026622707,-0.020529186,-0.026628146,-0.017740572,-0.026894806,-0.017575828,-0.03238607,-0.022325313,-0.036693607,-0.032803528,-0.036886245,-0.043864835,-0.03272997,-0.047337666,-0.030505335,-0.04683909,-0.03294693,-0.044214875,-0.036400538
0.028904222,-0.030661503,0.03276215,-0.035386067,0.03461592,-0.0404865,0.031837963,-0.04214626,0.029810349,-0.037841935,0.02697111,-0.03157766,0.021554912,-0.0269801,0.013520337,-0.022782074,0.008538368,-0.02243287,0.0077415654,-0.020288497,0.005584538,-0.019294575,0.0022127007,-0.02002634,0.0020225942,-0.015796917,0.008456069,-0.018113581,0.019038333,-0.021436451,0.026975865,-0.019214652,0.026845576,-0.018341525,0.025346577,-0.01830502,0.024851779,-0.017310414,0.029631922,-0.02009312,0.034847062,-0.027491398,0.03842171,-0.034986865,0.036944922,-0.036333997,0.030174533,-0.03117545,0.024369458,-0.02149503,0.022172047,-0.015524219,0.025397668,-0.017677588,0.033450346,-0.022217138,0.042203803,-0.027015105,0.044590905,-0.028003061,0.038671657,-0.025351206,0.033625726,-0.017286623
0.0029768676,-0.06845548,-0.00067880005,-0.06475736,-0.010079266,-0.058370277,-0.018527793,-0.04820865,-0.01950025,-0.039501954,-0.018297946,-0.038700785,-0.012780167,-0.042290825,-0.012720431,-0.049298186,-0.020048354,-0.052380417,-0.027928872,-0.04822324,-0.03142013,-0.03964454,-0.028711772,-0.03619958,-0.022008242,-0.03667151,-0.015404596,-0.041662265,-0.007720578,-0.046085503,-0.010128662,-0.04806595,-0.021542711,-0.04483938,-0.035633087,-0.03901645,-0.045512903,-0.03379735,-0.049567863,-0.031236984,-0.04748876,-0.03432056,-0.040431056,-0.03915505,-0.034849156,-0.04162543,-0.030873,-0.04092652,-0.027975932,-0.04244685,-0.025140053,-0.046700522,-0.027990973,-0.051010415,-0.039268922,-0.053071126,-0.049616873,-0.050736636,-0.053106707,-0.048785184,-0.05139956,-0.050439358,-0.05097137,-0.054892678
0.031604238,-0.031578887,0.034270633,-0.03910404,0.03659472,-0.04148842,0.03291526,-0.04329825,0.028659105,-0.03913491,0.02621509,-0.03267637,0.020680455,-0.02792535,0.01339681,-0.023386983,0.010204464,-0.023360586,0.008698962,-0.020896293,0.0063471957,-0.02152886,0.0025419358,-0.019752167,0.00095417845,-0.017282065,0.0071343505,-0.016794646,0.017039135,-0.01931507,0.023840932,-0.017688291,0.024966648,-0.01545779,0.022400899,-0.013692985,0.022443613,-0.014245264,0.02660817,-0.01944737,0.032850444,-0.02784005,0.03634307,-0.0369665,0.034568813,-0.03829823,0.028274858,-0.032722384,0.022543862,-0.023514174,0.018902408,-0.018733108,0.021136979,-0.021865644,0.029747784,-0.02602621,0.039262414,-0.030039668,0.04075529,-0.031153018,0.034475487,-0.028047554,0.02920025,-0.019563366
-0.0048917304,-0.08227318,-0.009766677,-0.07871667,-0.017278532,-0.069943,-0.02457136,-0.059312966,-0.027836272,-0.052357614,-0.027649999,-0.051369313,-0.024007479,-0.05634947,-0.02380496,-0.062081005,-0.031841297,-0.06527569,-0.039470162,-0.060166165,-0.041744187,-0.052297298,-0.038071286,-0.048784703,-0.031660836,-0.049653005,-0.025911748,-0.05517122,-0.01857136,-0.059291694,-0.023003554,-0.06082206,-0.033888176,-0.058474597,-0.04587266,-0.05211046,-0.05546567,-0.048949946,-0.058076207,-0.047833472,-0.056774482,-0.053354796,-0.051693957,-0.05618927,-0.047639728,-0.059156645,-0.041878298,-0.055350367,-0.03680726,-0.055768732,-0.032735806,-0.05915226,-0.034788895,-0.064590454,-0.045501098,-0.06670047,-0.055524465,-0.06469229,-0.060521703,-0.0645632,-0.060007498,-0.06692834,-0.059010178,-0.068982415
0.032294802,-0.032393537,0.034843028,-0.039861318,0.035307147,-0.04229961,0.030881645,-0.042793542,0.02606457,-0.036810838,0.022773331,-0.032922007,0.018333593,-0.027911713,0.013836206,-0.024433097,0.010962006,-0.025488215,0.010268315,-0.022101505,0.0063998695,-0.023713218,0.00032189302,-0.022975909,-0.0018380465,-0.021873007,0.0025929958,-0.019891614,0.013238941,-0.01955522,0.020373875,-0.016709538,0.0209449,-0.014320023,0.01840433,-0.011985055,0.018365283,-0.014063983,0.022703791,-0.021042509,0.028936535,-0.029503725,0.03300829,-0.03923225,0.03207105,-0.04060659,0.025902173,-0.033096816,0.019366236,-0.025761098,0.015299275,-0.022004277,0.016581262,-0.023685321,0.023749026,-0.030390391,0.032865897,-0.035535384,0.03438706,-0.036812317,0.027709052,-0.033464834,0.024154233,-0.024347449
-0.0153913675,-0.0822829,-0.01791899,-0.077716105,-0.026994566,-0.069644086,-0.034806237,-0.060407102,-0.03941025,-0.05399832,-0.03990118,-0.053425033,-0.03748487,-0.05960241,-0.0391311,-0.06796219,-0.045758262,-0.07052952,-0.05155446,-0.06500424,-0.053601455,-0.057696808,-0.049203277,-0.05319256,-0.04525892,-0.05458938,-0.037956815,-0.058790755,-0.032746837,-0.063088425,-0.034150597,-0.064024255,-0.044650067,-0.06292016,-0.056448463,-0.059327785,-0.06463345,-0.05516493,-0.06720933,-0.05573227,-0.066272356,-0.06089784,-0.063310795,-0.06477639,-0.057832483,-0.06465575,-0.052475903,-0.05985103,-0.047093034,-0.059545506,-0.04281585,-0.06414068,-0.04429561,-0.068523295,-0.055194665,-0.07019728,-0.06637448,-0.06954803,-0.07148171,-0.06917075,-0.0726929,-0.07211096,-0.07041188,-0.07397984
0.034148056,-0.03406124,0.036539506,-0.040966894,0.03637712,-0.044340983,0.032144938,-0.044456095,0.025867203,-0.04076978,0.02379565,-0.03479017,0.020230124,-0.030307218,0.016235625,-0.02732831,0.013844457,-0.027066374,0.011886357,-0.028046915,0.008395181,-0.029444424,0.0018871619,-0.027200064,-0.001929719,-0.026325082,0.0022044566,-0.024943314,0.011836857,-0.02328576,0.018995225,-0.020185063,0.019501232,-0.01828708,0.01809524,-0.015083358,0.018428924,-0.018923508,0.022633476,-0.0253828,0.028211312,-0.033537757,0.032542095,-0.043016423,0.03095901,-0.04443403,0.02509012,-0.038977463,0.017865557,-0.031923164,0.014040503,-0.027229846,0.014537576,-0.030408343,0.02179806,-0.03516541,0.030160422,-0.040382978,0.030912327,-0.043493614,0.02519548,-0.039770026,0.02283754,-0.032729317
-0.024292765,-0.07338075,-0.026831305,-0.069314666,-0.036363795,-0.06247594,-0.04394533,-0.0528132,-0.049540054,-0.04727133,-0.050391432,-0.046765734,-0.048197627,-0.054068774,-0.04888453,-0.061879855,-0.05469726,-0.065896966,-0.061021645,-0.061399553,-0.06399524,-0.05401042,-0.061528992,-0.04908054,-0.057254594,-0.05165637,-0.049120236,-0.05527532,-0.042342007,-0.059033364,-0.04184571,-0.061562374,-0.050868303,-0.059496168,-0.062377453,-0.05769944,-0.06989742,-0.054371964,-0.074860305,-0.05514571,-0.07329329,-0.057098974,-0.069885276,-0.06120399,-0.065271676,-0.061020855,-0.060706794,-0.058753695,-0.054776322,-0.05714638,-0.050977916,-0.06043632,-0.054198388,-0.0653382,-0.06579953,-0.06603439,-0.07755539,-0.06427072,-0.08323598,-0.06481408,-0.08261982,-0.06575818,-0.08095089,-0.06982897
0.038697846,-0.03870241,0.041696087,-0.046141118,0.04035351,-0.05091836,0.035681102,-0.051630992,0.029676149,-0.04676417,0.027702784,-0.04267541,0.02480177,-0.03711942,0.021018842,-0.0343364,0.01912778,-0.033970613,0.017682891,-0.03538081,0.013783034,-0.038203657,0.0063370788,-0.039089534,0.00303026,-0.036748644,0.006216148,-0.034298748,0.015905144,-0.034100983,0.022626529,-0.02985614,0.024108382,-0.026091987,0.023629174,-0.023564905,0.025272125,-0.026232293,0.028883085,-0.031155294,0.034080423,-0.040133357,0.03762633,-0.04800862,0.034913782,-0.0519511,0.029387793,-0.04662847,0.022568861,-0.038302183,0.019157687,-0.03290448,0.020113273,-0.035181135,0.02482077,-0.042600285,0.031007836,-0.048945013,0.031724244,-0.052390184,0.026521282,-0.04921164,0.025496906,-0.041707158
